"BATTER","SO","BB","IBB","HBP","B1","B2","B3","HR","AB","SF","PA"
"Cabrera, Asdrubal",103,55,2,3,72,25,1,18,447,7,514
"Guzman, Ronald",87,31,1,3,26,20,0,10,256,4,295
"Forsythe, Logan",100,44,0,3,47,17,1,7,317,2,367
"Cain, Lorenzo",106,50,0,6,105,30,0,11,562,4,623
"Haniger, Mitch",81,29,1,5,25,13,1,15,246,2,283
"Bruce, Jay",82,19,0,1,24,17,0,26,310,3,333
"Voit, Luke",142,69,2,9,70,21,1,21,429,1,510
"Grichuk, Randal",163,35,0,5,71,29,5,31,586,2,628
"Hanson, Alen",17,2,1,1,7,0,0,0,43,1,48
"Brantley, Michael",66,48,3,7,115,40,2,22,575,4,637
"Reddick, Josh",66,35,1,0,102,19,3,14,501,9,550
"Mondesi, Adalberto",132,19,0,0,70,20,10,9,415,6,443
"O'Hearn, Ryan",99,38,1,1,36,13,1,14,328,2,370
"Gallagher, Cam",28,11,0,3,20,7,0,3,126,1,142
"Rosario, Eddie",86,20,2,0,94,28,1,32,562,6,590
"Phegley, Josh",63,15,0,6,45,18,0,12,314,5,342
"Seager, Kyle",86,44,0,4,51,19,1,23,393,2,443
"Bellinger, Cody",108,74,21,3,86,34,3,47,558,4,661
"Peraza, Jose",58,17,0,8,64,18,2,6,376,2,403
"Barreto, Franklin",23,1,0,0,3,2,0,2,57,0,58
"Straw, Myles",24,19,0,0,23,4,2,0,108,0,128
"Smith, Dwight",82,26,0,4,54,16,3,13,357,4,392
"Martin, Richie",83,14,0,6,42,8,3,6,283,1,309
"Dixon, Brandon",136,21,0,4,58,20,4,15,391,4,420
"Beckham, Gordon",68,13,0,4,27,13,2,6,223,0,240
"Bell, Josh",118,61,13,5,69,37,3,37,527,7,613
"Frazier, Adam",75,36,4,9,104,33,7,10,554,1,608
"Moreland, Mitch",74,34,0,1,38,17,1,19,298,2,335
"Mercado, Oscar",84,28,0,5,75,25,3,15,438,4,482
"Santana, Carlos",108,96,12,3,96,30,1,34,573,2,686
"Haase, Eric",8,1,0,0,0,0,0,1,16,0,17
"Garcia, Avisail",125,29,2,7,91,25,2,20,489,3,530
"Cowart, Kaleb",7,1,0,0,1,3,0,0,25,0,26
"Tucker, Kyle",20,3,1,1,8,6,0,4,67,0,72
"Marte, Ketel",86,51,2,4,110,36,9,32,569,2,628
"Ahmed, Nick",113,50,2,4,83,33,6,19,556,12,625
"Porcello, Rick",2,0,0,0,0,0,0,0,6,0,6
"Walden, Marcus",1,0,0,0,0,0,0,0,1,0,1
"Myers, Wil",168,51,0,2,63,22,1,18,435,1,490
"Kinsler, Ian",54,19,0,3,35,12,0,9,258,1,281
"Margot, Manuel",88,37,1,2,59,19,3,12,398,0,441
"Lauer, Eric",23,1,0,0,2,2,0,0,40,0,48
"Zobrist, Ben",24,23,0,1,33,5,0,1,150,2,176
"Descalso, Daniel",57,23,0,0,21,5,1,2,168,1,194
"Swanson, Dansby",124,49,2,5,75,26,3,17,483,5,545
"Teheran, Julio",24,0,0,0,5,1,0,0,55,1,60
"Cervelli, Francisco",41,13,0,5,18,8,1,3,141,0,160
"Musgrove, Joe",19,2,0,0,5,2,1,0,51,0,61
"Sojo, Donovan",49,10,0,1,53,13,1,4,215,2,228
"Rosario, Amed",124,29,2,3,125,30,7,15,616,3,655
"Conforto, Michael",149,79,5,10,78,29,1,33,549,5,648
"Bradley, Archie",1,0,0,0,0,0,0,0,1,0,1
"Buehler, Walker",33,4,0,0,4,0,0,1,59,0,66
"Dahl, David",110,28,0,4,65,28,5,15,374,5,413
"Gonsolin, Tony",4,0,0,0,4,0,0,0,13,0,14
"Hiura, Keston",107,24,1,8,51,23,2,19,314,1,348
"Woodruff, Brandon",20,1,0,0,8,4,0,0,45,0,49
"Strasburg, Stephen",25,3,0,0,10,1,0,1,72,0,80
"Vargas, Jason",22,0,0,0,3,0,0,0,40,0,45
"Smith, Will",0,0,0,0,1,0,0,0,1,0,2
"Alonso, Yonder",70,36,3,2,35,13,0,10,292,2,335
"Quantrill, Cal",6,1,0,0,2,0,0,0,25,0,30
"Molina, Yadier",58,23,0,5,79,24,0,10,419,5,452
"Bader, Harrison",117,42,4,10,42,14,3,12,347,2,406
"Mayers, Mike",1,0,0,0,0,0,0,0,1,0,1
"Knizner, Andrew",14,4,0,1,8,2,0,2,53,0,58
"Newcomb, Sean",7,0,0,0,0,0,0,0,8,0,8
"Guillorme, Luis",14,7,0,0,10,4,0,1,61,0,70
"Riley, Austin",108,13,3,5,32,11,1,18,274,2,297
"Greiner, Grayson",70,13,0,1,31,5,1,5,208,1,224
"Rodriguez, Ronny",82,13,0,0,32,12,3,14,276,5,294
"McRae, Alex",3,0,0,0,2,0,0,0,6,0,7
"Keller, Mitch",3,0,0,0,0,0,0,0,10,0,11
"Williams, Nick",43,4,0,2,10,4,0,2,106,0,112
"Duda, Lucas",32,10,1,1,10,4,0,4,105,2,119
"Cordero, Jimmy",0,0,0,0,0,0,0,0,0,0,1
"Osich, Josh",0,0,0,0,0,0,0,0,0,0,1
"Giolito, Lucas",3,0,0,0,1,0,0,0,4,0,4
"Biggio, Cavan",123,71,0,2,48,17,2,16,354,2,430
"Scherzer, Max",27,0,0,0,10,0,0,0,55,0,61
"Garcia, Aramis",21,3,1,0,3,1,0,2,42,0,46
"Gerber, Mike",15,2,0,0,0,1,0,0,24,0,26
"Lowe, Brandon",113,25,0,5,44,17,2,17,296,1,327
"Harrison, Josh",27,6,0,2,15,7,1,1,137,2,147
"Gonzalez, Carlos",52,17,1,1,23,3,0,3,145,2,166
"Brach, Brad",1,0,0,0,1,0,0,0,4,0,5
"Kemp, Matt",19,1,0,0,9,2,0,1,60,1,62
"Vincent, Nick",3,0,0,0,0,0,0,0,3,0,3
"Hill, Rich",9,1,0,0,2,1,0,0,18,0,20
"Fedde, Erick",6,0,0,0,2,0,0,0,15,0,20
"Verlander, Justin",1,0,0,0,0,0,0,0,2,0,2
"Agrazal, Dario",9,0,0,0,2,0,0,0,22,1,24
"Sandoval, Patrick",2,0,0,0,0,0,0,0,2,0,2
"Perdomo, Luis",2,0,0,0,1,0,0,0,7,0,7
"Torreyes, Ronald",3,0,0,1,3,0,0,0,16,0,17
"Grullon, Deivy",2,0,0,0,0,1,0,0,9,0,9
"Sanchez, Aaron",0,0,0,0,0,0,0,0,2,0,2
"Tinoco, Jesus",4,0,0,0,1,0,0,0,5,0,6
"Lugo, Seth",0,0,0,0,1,0,0,0,1,0,1
"Schwindel, Frank",2,0,0,0,1,0,0,0,15,0,15
"Gore, Terrance",18,6,0,1,11,2,1,0,51,0,58
"Adduci, Jim",3,0,0,0,0,0,0,0,5,0,5
"Reed, Michael",6,0,0,0,0,0,0,0,8,0,8
"May, Dustin",4,0,0,0,1,0,0,0,11,0,11
"Reid-Foley, Sean",1,0,0,0,0,0,0,0,1,0,1
"Castillo, Wilkin",3,0,0,0,0,1,0,0,7,0,7
"Marrero, Deven",3,0,0,0,0,0,0,0,5,0,5
"Suarez, Ranger",2,0,0,0,1,0,0,0,4,0,5
"Lopez, Jorge",0,0,0,0,0,0,0,0,1,0,2
"Guerra, Junior",2,0,0,0,1,0,0,0,3,0,3
"Kieboom, Carter",16,3,1,0,3,0,0,2,39,0,43
"LeBlanc, Wade",0,1,0,0,0,0,0,0,0,0,2
"Bonifacio, Jorge",7,1,0,0,4,3,0,0,20,0,21
"Stanton, Giancarlo",24,12,0,0,11,3,0,3,59,1,72
"Soto, Gregory",0,0,0,0,2,0,0,0,2,0,2
"Heineman, Tyler",4,0,0,0,1,1,0,1,11,0,12
"Brebbia, John",0,0,0,0,1,0,0,0,1,0,1
"Fulmer, Carson",0,0,0,0,0,0,0,0,1,0,1
"Ramirez, Nick",1,0,0,0,0,0,0,0,1,0,1
"Swanson, Erik",1,0,0,0,0,0,0,0,2,0,2
"Canning, Griffin",1,0,0,0,0,0,0,0,2,0,2
"Covey, Dylan",1,0,0,0,0,0,0,0,2,0,2
"Read, Raudy",5,0,0,0,1,0,0,0,11,0,11
"Rainey, Tanner",1,0,0,0,0,0,0,0,1,0,1
"Odor, Rougned",178,50,2,5,46,30,1,30,522,1,581
"Calhoun, Kole",162,63,7,7,65,29,1,33,552,2,632
"Trout, Mike",120,96,14,16,63,27,2,45,470,4,600
"Bourjos, Peter",15,1,0,0,3,1,0,0,44,1,46
"Thames, Eric",140,47,4,10,48,23,2,25,396,2,459
"Arcia, Orlando",109,38,5,1,78,16,1,15,494,6,546
"Smith, Mallex",141,42,0,11,82,19,9,6,510,1,566
"Healy, Ryon",40,13,0,1,17,16,0,7,169,4,187
"Urshela, Giovanny",87,24,1,5,84,34,0,21,442,4,476
"Sogard, Eric",63,36,2,2,77,23,2,13,396,3,442
"Galvis, Freddy",145,27,1,1,93,28,1,23,557,2,589
"Drury, Brandon",113,25,0,1,54,21,1,15,418,3,447
"Jansen, Danny",79,30,1,4,46,12,1,13,347,1,384
"White, Tyler",78,36,0,0,33,14,0,3,240,3,279
"Diaz, Aledmys",28,25,1,5,35,12,1,9,210,6,247
"Chirinos, Robinson",125,50,1,13,47,22,1,17,366,5,437
"Ohtani, Shohei",110,32,1,2,67,20,5,18,384,4,425
"Gordon, Alex",100,47,4,19,103,31,1,13,556,6,633
"Dozier, Hunter",148,53,2,3,81,29,10,26,523,5,586
"Hamilton, Billy",87,31,1,0,53,14,2,0,316,2,353
"Santana, Danny",151,23,2,6,77,23,6,28,474,5,511
"Olson, Matt",138,44,7,12,67,26,0,36,483,1,547
"Tovar, Wilfredo",15,5,0,0,11,5,0,0,83,0,88
"Hernandez, Enrique",97,33,3,6,61,19,1,17,414,4,460
"Casali, Curt",59,24,1,1,35,9,0,8,207,3,236
"Hermosillo, Michael",19,5,0,4,3,1,1,0,36,1,46
"Castellanos, Nick",143,40,1,5,90,58,3,27,615,3,664
"Hicks, John",109,13,0,0,39,15,0,13,319,1,333
"Reyes, Victor",64,14,0,0,60,16,5,3,276,2,292
"Reyes, Pablo",36,13,0,1,18,7,2,2,143,0,157
"Moran, Colin",117,26,4,3,85,30,1,13,466,4,503
"Bemboom, Anthony",21,1,0,0,5,1,0,1,54,0,56
"McCann, James",137,29,1,6,75,26,1,18,439,0,476
"Skole, Matt",31,7,0,0,13,2,0,0,72,1,80
"Calhoun, Willie",53,23,0,3,47,14,1,21,309,2,337
"Heineman, Scott",20,9,0,1,8,6,0,2,75,0,85
"Hernandez, Gorkys",14,5,0,0,4,1,2,0,49,1,57
"Kipnis, Jason",88,38,2,2,71,23,1,17,458,6,511
"Bauers, Jake",115,45,0,3,55,16,1,12,372,3,423
"Plawecki, Kevin",31,12,0,3,22,10,0,3,158,1,174
"Robertson, Daniel",59,24,0,6,32,9,1,2,207,0,237
"Adames, Willy",153,45,1,3,89,25,1,20,531,1,584
"Stubbs, Garrett",7,4,0,0,4,3,0,0,35,0,39
"Peralta, David",87,32,3,5,61,29,3,12,382,1,423
"Koch, Matt",5,0,0,0,0,0,0,0,6,0,6
"Price, David",1,0,0,0,1,0,0,0,2,0,2
"Barnes, Matt",1,0,0,0,0,0,0,0,1,0,1
"Renfroe, Hunter",154,45,1,2,42,19,1,33,440,6,494
"Paddack, Chris",19,0,0,0,5,0,0,0,42,0,46
"Rizzo, Anthony",86,68,3,27,91,29,3,27,512,3,613
"Heyward, Jason",110,63,5,5,84,20,4,21,513,3,589
"Chatwood, Tyler",6,1,0,0,1,2,0,0,18,0,21
"Maybin, Cameron",72,30,0,0,40,17,0,11,239,0,269
"Donaldson, Josh",155,98,2,8,72,33,0,37,549,2,659
"Acuna, Ronald",188,72,4,9,110,22,2,41,626,1,715
"McCann, Brian",53,30,1,2,48,9,0,12,277,6,316
"Inciarte, Ender",41,24,2,4,31,11,2,5,199,1,230
"Flowers, Tyler",105,28,3,6,37,11,3,11,271,2,310
"Elmore, Jake",8,2,0,0,9,1,0,0,47,0,49
"Pillar, Kevin",89,14,4,9,97,37,3,21,611,7,645
"Pomeranz, Drew",13,0,0,0,0,0,0,0,19,0,20
"Hechavarria, Adeiny",48,14,0,3,27,12,1,9,203,1,221
"Story, Trevor",174,58,0,7,95,38,5,35,588,3,656
"Senzatela, Antonio",24,1,0,0,1,0,0,0,40,0,46
"Tapia, Raimel",100,21,0,0,80,23,5,9,426,0,447
"Anderson, Shaun",19,0,0,1,1,1,0,0,25,0,28
"Lamb, Jake",55,31,1,5,20,8,2,6,187,2,226
"Saladino, Tyler",26,5,0,1,6,0,0,2,65,0,71
"Turner, Trea",113,41,2,3,94,37,5,19,521,2,569
"Parra, Gerardo",59,16,3,5,40,14,1,9,274,2,301
"Corbin, Patrick",27,3,0,0,5,1,0,0,65,0,72
"Realmuto, J.T.",123,39,2,5,84,36,3,25,538,8,593
"Gallen, Zac",8,0,0,0,2,0,0,0,19,0,24
"Rojas, Josh",41,18,0,1,21,7,0,2,138,0,157
"Gonzalez, Chi Chi",15,0,0,0,1,0,0,0,24,0,24
"Allen, Austin",21,3,3,0,10,4,0,0,65,0,71
"Bolanos, Ronald",4,0,0,0,0,0,0,0,5,0,5
"Mejias-Brean, Seth",9,3,0,0,3,2,0,2,30,0,33
"Castro, Starlin",111,26,2,3,115,31,4,22,636,9,676
"Ramirez, Harold",91,17,1,5,82,20,3,11,421,1,446
"Lopez, Pablo",19,0,0,0,4,2,0,0,35,0,36
"Granderson, Curtis",98,40,1,3,28,17,1,12,317,2,363
"Wainwright, Adam",20,2,0,0,5,3,0,0,50,1,59
"Wieters, Matt",47,12,0,1,21,4,0,11,168,2,183
"Sosa, Edmundo",2,1,0,1,2,0,0,0,8,0,10
"Anderson, Brian",114,43,1,14,66,33,1,20,459,3,520
"Herrera, Rosell",27,10,1,2,13,6,0,2,105,0,119
"Butera, Drew",14,4,0,0,4,3,0,0,43,1,49
"Lugo, Dawel",59,7,1,3,46,11,4,6,273,4,288
"Wilson, Bryse",6,0,0,0,2,0,0,0,9,0,9
"Yamamoto, Jordan",9,1,0,0,1,0,0,0,21,0,26
"Cuthbert, Cheslor",67,18,1,2,53,14,0,9,309,0,330
"Arteaga, Humberto",28,8,0,2,20,4,0,0,122,0,135
"Keller, Brad",5,1,0,0,1,0,0,0,8,0,10
"Hernandez, Elieser",10,1,0,0,1,0,0,0,19,0,24
"Alford, Anthony",11,1,0,1,4,0,0,1,28,0,30
"Difo, Wilmer",29,9,3,0,29,2,0,2,131,0,144
"Morrison, Logan",10,3,0,0,4,1,0,2,35,0,38
"Chavis, Michael",127,29,2,4,59,10,1,18,347,0,382
"Stewart, DJ",26,13,1,1,20,6,0,4,126,1,142
"Bradley, Bobby",20,4,0,0,2,5,0,1,45,0,49
"Davis, Jonathan",24,5,0,5,12,1,0,2,83,1,95
"Tilson, Charlie",38,9,1,3,27,5,0,1,144,0,157
"Roark, Tanner",13,0,0,0,3,1,0,1,33,0,34
"Morejon, Adrian",1,0,0,0,0,0,0,0,1,0,1
"Bassitt, Chris",2,0,0,0,0,0,0,0,4,0,5
"Bailey, Homer",1,0,0,0,2,0,0,0,5,0,5
"Spangenberg, Cory",36,5,1,0,16,2,2,2,95,0,102
"Hernandez, Felix",2,0,0,0,0,0,0,0,3,0,3
"Colon, Christian",0,0,0,2,3,0,0,0,6,0,8
"LaMarre, Ryan",5,3,0,0,3,0,0,2,23,0,26
"Fuentes, Josh",20,1,0,0,8,1,0,3,55,0,56
"Walding, Mitch",2,0,0,0,0,0,0,0,2,0,2
"Oberg, Scott",1,0,0,0,0,0,0,0,1,0,1
"Urquidy, Jose",3,0,0,0,0,0,0,0,4,0,4
"Davis, Rajai",5,1,0,0,2,2,0,1,25,0,26
"Dominguez, Seranthony",1,0,0,0,0,0,0,0,1,0,1
"Tomas, Yasmany",3,0,0,0,0,0,0,0,6,0,6
"Gallegos, Giovanny",1,0,0,0,0,0,0,0,2,0,3
"Williams, Taylor",1,0,0,0,0,0,0,0,1,0,1
"Davis, Rookie",0,0,0,0,0,0,0,0,1,0,1
"Gibson, Kyle",1,1,0,0,0,0,0,0,1,0,4
"Carpenter, Ryan",1,0,0,0,0,0,0,0,2,0,2
"Mazza, Chris",1,0,0,0,0,0,0,0,3,0,3
"Civale, Aaron",1,0,0,0,0,0,0,0,2,0,2
"Haggerty, Sam",3,0,0,0,0,0,0,0,4,0,4
"Cozens, Dylan",0,0,0,0,0,0,0,0,1,0,1
"Ramirez, Yefry",0,0,0,0,0,0,0,0,2,0,2
"Lyons, Tyler",0,0,0,0,0,0,0,0,1,0,1
"Shreve, Chasen",0,1,0,0,0,0,0,0,0,0,1
"Cuevas, Noel",0,0,0,0,0,0,0,0,2,0,2
"Reyes, Gerardo",1,0,0,0,0,0,0,0,1,0,1
"Liriano, Francisco",0,1,0,0,1,0,0,0,1,0,2
"Pruitt, Austin",1,0,0,0,0,0,0,0,1,0,1
"Blach, Ty",1,0,0,0,0,0,0,0,1,0,1
"Howard, Sam",1,0,0,0,0,0,0,0,1,0,1
"Flexen, Chris",0,0,0,0,1,0,0,0,2,0,2
"Mengden, Daniel",2,0,0,0,0,0,0,0,2,0,2
"Barrera, Tres",0,0,0,0,0,0,0,0,2,0,2
"Parker, Blake",1,0,0,0,0,0,0,0,1,0,1
"Plesac, Zach",0,0,0,0,0,0,0,0,0,0,1
"Kiner-Falefa, Isiah",49,14,0,4,34,12,1,1,202,1,222
"DeShields, Delino",100,38,0,3,66,15,4,4,357,2,408
"Ward, Taylor",23,6,0,0,4,3,0,1,42,0,48
"Gardner, Brett",108,52,0,4,62,26,7,28,491,3,550
"Cahill, Trevor",1,0,0,0,1,0,0,0,3,0,3
"Owings, Chris",78,14,0,2,15,6,1,3,180,0,196
"Kepler, Max",99,60,0,8,64,32,0,36,524,4,596
"Polanco, Jorge",116,58,2,4,117,40,7,22,631,7,704
"Sano, Miguel",159,55,0,3,39,19,2,34,380,1,439
"Castro, Jason",88,33,0,3,33,9,0,13,237,1,275
"Schoop, Jonathan",116,19,1,10,64,23,1,23,433,1,464
"Davis, Khris",146,44,3,3,72,11,0,23,481,2,533
"Profar, Jurickson",75,46,2,8,54,24,2,20,459,3,518
"Long, Shed",40,16,0,0,22,12,1,5,152,0,168
"Turner, Justin",88,50,1,14,88,24,0,27,479,5,549
"Verdugo, Alex",49,25,1,2,65,22,2,12,343,6,377
"Barnes, Austin",56,20,3,5,25,12,1,5,212,2,242
"Upton, Justin",78,32,0,0,27,8,0,12,219,5,256
"Nola, Austin",63,22,1,4,41,12,1,10,238,1,267
"Cabrera, Miguel",108,44,4,3,106,21,0,12,493,5,549
"Castro, Harold",86,9,0,0,84,10,4,5,354,4,369
"Marte, Starling",94,24,1,16,99,31,6,23,539,4,586
"Cabrera, Melky",41,14,3,1,76,22,1,7,378,0,397
"Jimenez, Eloy",134,30,0,4,74,18,2,31,468,2,504
"Martinez, J.D.",138,63,9,4,104,33,2,36,575,5,657
"Allen, Greg",53,10,1,9,37,9,3,4,231,1,256
"Pearce, Steve",31,7,0,1,11,4,0,1,89,1,99
"Flores, Wilmer",31,15,0,4,57,18,0,9,265,1,285
"Lin, Tzu-Wei",6,2,0,0,2,2,0,0,20,0,22
"Ray, Robbie",28,0,0,0,4,0,0,0,55,0,60
"Machado, Manny",128,62,3,6,95,21,2,32,587,3,661
"Tanaka, Masahiro",0,0,0,0,0,0,0,0,1,0,1
"Freeman, Freddie",127,76,11,6,102,34,2,38,597,2,692
"Joyce, Matt",45,38,0,0,42,10,0,7,200,0,238
"Culberson, Charlie",44,6,0,1,23,5,2,5,135,1,144
"Sandoval, Pablo",67,16,2,1,36,23,0,14,272,3,296
"Crawford, Brandon",117,48,5,3,77,24,2,11,500,4,560
"Samardzija, Jeff",30,0,0,0,4,2,0,0,50,0,56
"Sherfy, Jimmie",2,0,0,0,0,0,0,0,2,0,2
"Altherr, Aaron",25,3,0,1,2,2,0,1,61,1,66
"Nido, Tomas",37,5,2,0,17,5,0,4,136,0,144
"Matz, Steven",17,0,0,0,12,0,0,1,57,0,61
"Desmond, Ian",119,33,1,2,58,31,4,20,443,2,482
"Dozier, Brian",105,59,2,4,59,20,0,20,416,1,482
"Elias, Roenis",0,0,0,0,0,0,0,0,1,0,1
"Sanchez, Adrian",10,1,0,0,7,0,0,0,31,0,32
"Hoskins, Rhys",173,110,6,11,62,33,5,29,570,6,705
"Gennett, Scooter",41,2,0,2,21,7,0,2,133,2,139
"Daza, Yonathan",21,7,0,0,18,1,1,0,97,1,105
"Martini, Nick",26,14,0,1,15,4,1,1,93,1,109
"Barnhart, Tucker",83,37,7,2,48,14,0,11,316,1,364
"O'Grady, Brian",17,4,0,2,3,2,1,2,42,0,48
"Castillo, Luis",32,0,0,0,5,1,0,0,62,0,66
"Alfaro, Jorge",154,21,1,10,80,14,1,18,431,2,465
"Walker, Neil",77,41,1,1,60,19,1,8,337,1,381
"Smith, Caleb",15,0,0,1,8,2,0,0,43,0,49
"Fowler, Dexter",142,73,1,8,72,24,1,19,487,4,574
"Munoz, Yairo",37,7,0,1,36,7,1,2,172,1,181
"Jackson, Alex",5,0,1,1,0,0,0,0,13,0,15
"Oswalt, Corey",1,0,0,0,0,0,0,0,1,1,3
"Parsons, Wes",2,1,0,0,0,0,0,0,2,0,3
"Kendrick, Howie",49,26,1,4,74,23,1,17,334,5,370
"Winkler, Daniel",0,0,0,0,0,0,0,0,0,0,1
"Irvin, Cole",2,2,0,0,1,0,0,0,6,0,8
"Starling, Bubba",56,9,0,1,29,7,0,4,186,0,197
"Tejada, Ruben",3,0,0,0,0,0,0,0,9,0,9
"Stroman, Marcus",13,0,0,0,1,0,0,0,23,0,25
"Moncada, Yoan",154,38,2,4,97,34,5,25,511,3,559
"Zeuch, T.J.",1,0,0,0,0,0,0,0,1,0,1
"Mullins, Cedric",14,4,0,3,4,0,2,0,64,1,74
"Cave, Jake",71,21,0,8,30,11,2,8,198,1,228
"Wynns, Austin",14,3,0,0,13,1,0,1,70,0,74
"Naquin, Tyler",66,12,2,2,50,19,0,10,274,2,294
"Brosseau, Michael",39,7,0,2,23,7,0,6,132,0,142
"Bishop, Braden",21,3,0,0,6,0,0,0,56,0,60
"Brito, Socrates",17,4,0,0,2,0,1,0,39,0,43
"Collins, Zack",39,13,1,1,9,3,1,3,86,0,102
"Reed, A.J.",21,4,0,0,5,0,0,1,44,1,49
"Mendick, Danny",11,1,0,0,10,0,0,2,39,0,40
"Mejia, Erick",7,4,0,0,4,1,0,0,22,1,27
"Demeritte, Travis",63,14,0,1,26,7,2,3,169,1,186
"Brault, Steven",8,1,0,0,12,1,0,1,42,0,50
"Skaggs, Tyler",1,1,0,0,0,0,0,0,2,0,3
"Gale, Rocky",7,0,0,0,2,0,0,0,15,0,15
"Smith, Burch",1,0,0,0,0,0,0,0,1,0,1
"Graterol, Juan",4,0,0,0,4,0,0,0,18,0,18
"Grisham, Trent",48,20,0,4,22,6,2,6,156,3,183
"Sheffield, Justus",2,0,0,0,0,0,0,0,2,0,2
"Marvel, James",2,0,0,0,0,0,0,0,4,0,4
"Peralta, Freddy",6,0,0,0,2,0,0,0,15,0,16
"Reed, Cody",1,0,0,0,0,0,0,0,1,0,1
"Cole, Gerrit",5,0,0,0,0,0,0,0,7,0,7
"Romano, Sal",1,0,0,0,0,0,0,0,2,0,2
"Thomas, Lane",8,4,0,2,7,0,1,4,38,0,44
"Lowrie, Jed",4,1,0,0,0,0,0,0,7,0,8
"Stamets, Eric",24,5,0,0,1,1,0,0,41,1,48
"Sobotka, Chad",2,0,0,0,0,0,0,0,2,0,2
"Nicasio, Juan",1,0,0,0,0,0,0,0,2,0,2
"Hellickson, Jeremy",4,2,0,0,1,0,0,0,9,0,13
"Jackson, Edwin",2,0,0,0,0,0,0,0,3,0,3
"Syndergaard, Noah",47,3,0,0,3,1,0,2,65,0,69
"Gutierrez, Kelvin",24,5,0,0,15,2,1,1,73,1,79
"Pena, Felix",0,0,0,0,0,0,0,0,2,0,2
"Pagan, Emilio",1,0,0,0,0,0,0,0,1,0,1
"Walker, Jeremy",0,0,0,0,0,0,0,0,1,0,1
"Ferguson, Caleb",0,0,0,0,0,1,0,0,2,0,2
"Kinley, Tyler",1,0,0,0,0,0,0,0,1,0,1
"Robinson, Drew",3,0,0,0,1,0,0,0,7,0,7
"Nelson, Jimmy",3,0,0,0,0,0,0,0,3,0,3
"Adams, Austin",1,0,0,0,0,0,0,0,1,0,1
"Ponce de Leon, Daniel",4,1,0,0,0,0,0,0,9,0,12
"Green, Zach",6,2,0,0,1,1,0,0,14,0,16
"Dunn, Justin",1,0,0,0,0,0,0,0,1,0,1
"Eovaldi, Nathan",1,0,0,0,0,0,0,0,2,0,2
"Castillo, Diego",1,0,0,0,0,0,0,0,1,0,1
"Happ, J.A.",0,0,0,0,0,0,0,0,3,0,4
"Anderson, Tanner",1,0,0,0,0,0,0,0,1,0,1
"Hudson, Joe",1,0,0,0,0,0,0,0,1,0,1
"Ciuffo, Nick",3,0,0,0,1,0,0,0,6,0,6
"Wojciechowski, Asher",1,0,0,0,0,0,0,0,1,0,1
"Pujols, Albert",68,42,1,3,75,22,0,23,491,8,545
"Goodwin, Brian",129,36,2,3,59,29,3,17,413,3,458
"Mazara, Nomar",108,26,2,6,68,27,1,19,429,6,469
"Smith, Kevan",37,16,0,3,31,12,0,5,191,1,211
"Shaw, Travis",89,33,3,4,24,5,0,7,230,0,270
"Moustakas, Mike",98,48,5,6,67,30,1,35,523,2,584
"Narvaez, Omar",92,46,1,4,85,12,0,22,428,3,482
"Torres, Gleyber",129,45,3,3,88,26,0,38,546,6,604
"LeMahieu, DJ",90,46,0,2,136,33,2,26,602,4,655
"Estrada, Thairo",15,3,0,1,10,3,0,3,64,0,69
"Hernandez, Teoscar",153,44,1,1,49,19,2,26,417,1,464
"Maile, Luke",33,8,0,0,13,2,1,2,119,0,129
"Altuve, Jose",82,41,0,3,88,27,3,31,500,3,548
"Walsh, Jared",35,5,1,2,9,5,1,1,79,0,87
"Buxton, Byron",68,18,1,2,27,30,4,10,271,1,295
"Freese, David",44,23,0,1,27,13,0,11,162,0,186
"Thaiss, Matt",52,17,0,0,16,7,0,8,147,0,164
"Alvarez, Yordan",94,48,4,2,45,26,0,27,313,2,369
"Mancini, Trey",143,60,3,9,100,38,2,35,602,5,679
"Santander, Anthony",86,19,0,2,58,20,1,20,380,3,405
"Villar, Jonathan",176,61,0,4,114,33,5,24,642,4,714
"Stewart, Christin",103,31,3,7,50,25,1,10,369,6,416
"Newman, Kevin",62,26,2,7,114,20,6,12,493,1,531
"Gonzalez, Erik",37,6,3,1,30,4,1,1,142,1,156
"Diaz, Elias",56,23,0,2,57,14,0,2,303,3,332
"Garcia, Leury",139,21,0,6,123,27,3,8,577,3,618
"Benintendi, Andrew",140,58,1,7,86,40,5,13,541,5,615
"Vazquez, Christian",101,30,3,0,83,26,1,23,482,3,521
"Perez, Roberto",127,44,1,4,59,9,1,24,389,4,449
"Meadows, Austin",131,48,6,7,85,29,7,33,530,0,591
"d'Arnaud, Travis",85,32,0,2,56,16,0,16,351,6,391
"Heredia, Guillermo",60,18,0,6,28,13,0,5,204,1,231
"Choi, Ji-Man",108,62,2,6,66,20,2,19,410,7,487
"Lowe, Nate",51,13,0,2,25,8,0,7,153,2,170
"Zunino, Mike",98,20,0,3,24,10,1,9,266,0,289
"Mayfield, Jack",16,1,0,0,3,5,0,2,64,0,65
"Godley, Zack",10,3,0,0,3,0,0,0,19,0,23
"Vargas, Ildemaro",24,9,0,0,38,9,1,6,201,1,211
"Nunez, Eduardo",27,4,0,0,29,7,0,2,167,2,174
"Lynn, Lance",2,0,0,0,0,0,0,0,2,0,2
"Hosmer, Eric",163,37,3,3,111,29,2,22,619,5,667
"Hedges, Austin",109,24,3,5,35,9,0,11,312,1,347
"Baez, Javier",156,25,3,0,78,38,4,29,531,2,561
"Andriese, Matt",3,0,0,0,0,0,0,0,6,0,6
"Darvish, Yu",31,2,0,0,5,0,0,0,56,1,62
"Gausman, Kevin",18,0,0,0,1,0,0,0,27,0,27
"McFarland, T.J.",3,0,0,0,0,0,0,0,3,0,5
"Duggar, Steven",78,16,0,1,43,12,2,4,261,3,281
"Belt, Brandon",127,80,3,3,71,32,3,17,526,4,616
"Austin, Tyler",67,23,1,0,14,5,1,9,154,1,179
"deGrom, Jacob",19,4,0,0,9,2,0,2,65,0,70
"McMahon, Ryan",160,55,1,1,73,22,1,24,480,1,539
"Wolters, Tony",68,31,5,8,74,17,2,1,359,6,411
"Reynolds, Mark",57,22,0,2,12,7,0,4,135,3,162
"Garlick, Kyle",19,4,1,0,5,4,0,3,48,0,53
"Stripling, Ross",7,2,0,0,3,0,0,0,20,0,24
"Hampson, Garrett",88,23,1,0,53,9,4,8,299,2,327
"Young, Alex",18,0,0,0,1,0,0,0,25,0,25
"Means, John",0,1,0,0,1,0,0,0,1,0,3
"Rendon, Anthony",86,72,8,12,93,44,3,34,545,9,646
"Segura, Jean",73,29,1,8,108,37,4,12,576,3,618
"Leake, Mike",11,1,0,0,1,0,0,0,21,0,24
"Avelino, Abiatal",3,1,0,0,2,0,0,0,7,0,8
"Freeland, Kyle",15,3,0,0,2,0,0,0,23,0,31
"Jankowski, Travis",4,2,0,0,4,0,0,0,22,0,24
"Dean, Austin",47,8,1,0,20,14,0,6,178,1,189
"Edman, Tommy",61,16,0,7,64,17,7,11,326,0,349
"Ozuna, Marcell",114,60,2,1,64,23,1,29,485,1,549
"Flaherty, Jack",17,2,0,0,7,3,0,0,54,1,66
"Wright, Kyle",4,0,0,0,0,0,0,0,6,0,6
"McNeil, Jeff",75,33,2,21,100,38,1,23,510,1,567
"Broxton, Keon",104,20,0,1,24,4,0,6,204,2,228
"Wong, Kolten",83,42,5,13,96,25,4,11,478,5,549
"Nottingham, Jacob",2,0,0,1,1,0,0,1,6,0,7
"Anderson, Chase",24,2,0,0,3,1,0,0,40,0,44
"Norris, Daniel",3,0,0,0,1,0,0,0,6,0,6
"Boyd, Matt",1,0,0,0,1,0,0,0,2,0,2
"Kang, Jung Ho",60,11,0,1,11,7,1,10,172,1,185
"Nola, Aaron",35,6,0,0,5,2,0,0,59,0,70
"Keuchel, Dallas",28,1,0,0,4,1,0,0,38,0,41
"Doolittle, Sean",2,0,0,0,0,0,0,0,3,0,3
"Gray, Sonny",19,2,0,0,6,0,1,0,46,0,60
"Rios, Edwin",21,9,0,0,6,2,1,4,47,0,56
"Davis, Jaylin",11,3,0,2,6,0,0,1,42,0,47
"Jackson, Drew",1,1,0,0,0,0,0,0,3,0,4
"Garver, Mitch",87,41,0,5,37,16,1,31,311,2,359
"Diaz, Yandy",60,34,1,1,47,20,1,14,306,4,346
"Gurriel, Lourdes",86,20,0,5,46,19,2,20,314,3,343
"Ramirez, Jose",74,49,3,2,64,33,3,23,482,6,542
"Dini, Nick",18,4,0,2,6,3,0,2,56,1,64
"Hays, Austin",13,7,0,0,11,6,0,4,68,0,75
"Pedroia, Dustin",2,1,0,0,2,0,0,0,20,0,21
"Wade, LaMonte",9,11,0,2,6,2,1,2,56,0,69
"Zavala, Seby",9,0,0,0,1,0,0,0,12,0,12
"Wilson, Bobby",11,2,0,0,3,1,0,0,44,0,47
"Russell, Addison",58,18,2,3,37,4,1,9,215,2,241
"Zimmer, Bradley",7,1,0,0,0,0,0,0,13,0,14
"Shuck, J.B.",10,8,0,1,9,0,1,0,47,0,57
"Montgomery, Mike",3,0,0,0,1,0,0,0,6,0,6
"Schebler, Scott",27,14,0,0,6,2,0,2,81,0,95
"Bieber, Shane",3,0,0,0,0,0,0,0,5,0,5
"Moroff, Max",16,2,0,0,2,1,0,1,32,0,35
"Erlin, Robbie",0,0,0,0,0,0,0,0,4,0,4
"Chargois, J.T.",1,0,0,0,0,0,0,0,1,0,1
"Chen, Wei-Yin",4,0,0,0,0,0,0,0,5,0,5
"Odorizzi, Jake",0,0,0,0,0,0,0,0,2,0,3
"Berrios, Jose",4,1,0,0,0,0,0,0,4,0,5
"Dugger, Robert",6,0,0,0,0,0,0,0,11,0,11
"Hart, Donnie",1,0,0,0,0,0,0,0,2,0,2
"Carasiti, Matt",0,0,0,0,0,0,0,0,1,0,1
"Allard, Kolby",0,0,0,0,0,0,0,0,2,0,2
"Payano, Pedro",1,0,0,0,0,0,0,0,1,0,1
"Tulowitzki, Troy",4,2,0,0,0,1,0,1,11,0,13
"Green, Chad",1,0,0,0,0,0,0,0,1,0,1
"Suero, Wander",1,0,0,0,0,0,0,0,1,0,1
"Brantly, Rob",1,0,0,0,0,0,0,0,1,0,1
"Escobar, Luis",1,0,0,0,0,0,0,0,2,0,2
"Walton, Donnie",5,3,0,0,3,0,0,0,16,0,19
"Wieck, Brad",1,0,0,0,0,0,0,0,2,0,2
"Grace, Matt",3,0,0,0,0,0,0,0,3,0,3
"Choo, Shin-Soo",165,75,3,18,92,31,2,24,563,1,660
"Andrus, Elvis",96,33,1,4,122,27,4,12,600,10,648
"Beckham, Tim",102,21,0,3,35,21,1,15,304,0,328
"Ford, Mike",28,15,2,3,18,7,0,12,143,0,163
"Rengifo, Luis",93,40,0,5,57,18,3,7,357,3,406
"Springer, George",113,66,1,6,78,20,3,39,479,4,556
"Correa, Carlos",75,35,0,2,40,16,1,21,280,4,321
"Gurriel, Yulieski",65,35,2,5,95,40,2,31,564,6,612
"Merrifield, Whit",126,40,5,5,139,41,10,16,681,4,735
"Chapman, Matt",147,73,0,11,70,36,3,36,583,3,670
"Laureano, Ramon",123,27,0,11,72,29,0,24,434,8,481
"Williamson, Mac",44,14,0,2,15,1,0,4,128,0,144
"Pederson, Joc",111,48,2,12,57,16,3,36,450,2,514
"Votto, Joey",123,74,2,4,89,32,1,15,525,3,608
"Puig, Yasiel",133,43,1,8,92,30,2,24,555,4,611
"Nunez, Renato",143,43,1,10,77,24,0,31,541,4,599
"Goodrum, Niko",138,45,1,1,61,27,5,12,423,2,472
"Mercer, Jordy",57,12,1,2,44,16,0,9,256,0,271
"Reynolds, Bryan",121,46,0,6,97,37,4,16,491,3,546
"Stallings, Jacob",40,11,5,2,39,5,0,6,191,0,210
"Abreu, Jose",152,32,4,13,108,38,1,33,634,10,693
"Solak, Nick",29,14,1,4,22,6,1,5,116,0,135
"Betts, Mookie",101,91,6,3,102,40,5,29,597,9,706
"Travis, Sam",36,9,2,1,20,4,1,6,144,1,157
"Leon, Sandy",47,13,0,1,25,3,0,5,172,1,191
"Bradley, Jackie",155,53,3,12,59,28,3,21,494,2,567
"Reyes, Franmil",156,46,1,0,67,19,0,37,494,7,548
"Davis, Johnny",2,0,0,0,0,0,1,0,4,0,4
"Brown, Seth",23,7,0,1,12,8,2,0,75,0,83
"Jones, Adam",101,29,2,8,84,25,1,16,485,3,528
"Avila, Alex",68,29,7,1,17,8,0,9,164,0,201
"Murphy, John Ryan",28,6,0,0,4,3,0,4,63,0,70
"Wisdom, Patrick",15,1,0,0,3,1,0,0,26,0,28
"Joseph, Caleb",10,1,0,1,6,2,0,0,38,0,41
"Bryant, Kris",145,73,1,15,86,35,1,31,543,2,634
"Bote, David",93,40,4,7,50,17,0,11,303,2,356
"Zagunis, Mark",16,4,0,0,6,3,0,0,36,0,40
"Hendricks, Kyle",29,2,0,1,7,1,0,0,54,0,64
"Schwarber, Kyle",156,65,5,5,62,29,3,38,529,6,610
"Fried, Max",16,5,0,0,7,4,0,0,56,0,65
"Kingham, Nick",4,2,0,0,0,0,0,0,6,0,8
"Panik, Joe",47,41,2,4,79,21,2,5,438,4,491
"Smith, Dominic",44,19,0,1,29,10,0,11,177,0,197
"Smith, Will",52,17,1,5,19,9,0,15,170,3,196
"Clarke, Taylor",10,0,0,0,5,0,0,1,24,0,25
"Gray, Jon",22,3,0,0,3,0,0,0,47,0,59
"Valaika, Pat",34,7,0,0,8,5,1,1,79,0,86
"Bettis, Chad",2,2,0,0,0,0,0,0,5,0,10
"Yastrzemski, Mike",107,31,1,4,55,22,3,21,371,3,411
"Davies, Zach",25,1,0,0,6,2,0,0,52,0,55
"Gonzalez, Gio",17,1,0,0,1,0,0,0,25,0,28
"Ruiz, Rio",88,40,0,0,59,13,2,12,370,2,413
"Stevenson, Andrew",11,6,0,1,9,1,1,0,30,0,37
"Kingery, Scott",147,33,1,5,61,34,4,19,458,2,500
"Quinn, Roman",34,12,0,1,15,3,1,4,108,0,122
"Rodriguez, Sean",41,19,0,3,16,5,0,4,112,1,139
"Webb, Logan",2,1,0,0,1,0,0,0,9,0,11
"Nunez, Dom",17,3,0,0,2,3,0,2,39,1,43
"Pollock, A.J.",74,22,1,7,51,15,1,15,308,4,342
"Negron, Kristopher",26,4,1,0,16,1,0,2,77,0,82
"Lorenzen, Michael",17,5,0,0,7,2,0,1,48,0,53
"DeSclafani, Anthony",28,0,0,0,6,0,0,0,55,0,57
"DeJong, Paul",149,61,1,13,74,31,1,30,583,6,664
"Ravelo, Rangel",12,3,0,0,4,2,0,2,39,1,43
"O'Neill, Tyler",53,10,0,0,26,6,0,5,141,0,151
"Arozarena, Randy",4,2,0,1,4,1,0,1,20,0,23
"Wallach, Chad",12,6,0,0,8,3,0,1,48,0,54
"Wacha, Michael",21,0,0,0,5,1,0,0,36,0,39
"Sanchez, Anibal",24,0,0,0,6,0,0,0,52,0,56
"Turnbull, Spencer",7,0,0,0,0,0,0,0,8,0,8
"Pivetta, Nick",19,1,0,0,2,0,0,0,25,0,27
"Franco, Maikel",61,17,19,0,57,17,0,17,389,3,428
"Tomlin, Josh",3,0,0,0,0,0,0,0,6,0,6
"Duffy, Danny",2,0,0,0,1,0,0,0,4,0,4
"Viloria, Meibrys",44,10,0,0,20,7,0,1,133,4,148
"Duvall, Adam",39,7,0,2,17,4,1,10,120,1,130
"Voth, Austin",3,0,0,0,1,0,0,0,9,0,10
"Pirela, Jose",7,2,0,0,2,1,0,1,22,0,24
"Adames, Cristhian",8,2,0,0,6,1,0,0,22,0,24
"Cueto, Johnny",3,0,0,0,0,0,0,0,4,0,4
"Bird, Greg",16,6,0,0,5,0,0,1,35,0,41
"Morales, Kendrys",26,26,0,4,28,2,1,2,170,1,201
"Delmonico, Nicky",25,4,0,1,10,2,0,1,63,0,68
"Phillips, Brett",23,10,0,0,5,2,0,2,65,2,79
"Urena, Richard",23,2,0,1,12,6,0,0,74,0,80
"Arroyo, Christian",18,5,0,1,7,2,0,2,50,0,57
"Centeno, Juan",2,2,0,1,2,0,0,0,15,0,18
"Allen, Cody",1,0,0,0,0,0,0,0,1,0,1
"Lockett, Walker",4,1,0,0,1,0,0,0,6,0,7
"Freitas, David",5,4,0,0,1,0,0,0,15,1,20
"Sims, Lucas",5,0,0,0,1,0,0,0,8,0,8
"Suarez, Jose",1,0,0,0,0,0,0,0,2,0,2
"Suter, Brent",1,0,0,0,0,0,0,0,2,0,2
"Noesi, Hector",3,0,0,0,1,0,0,0,4,0,5
"Joseph, Corban",12,3,0,0,6,3,0,1,64,1,68
"Stewart, Brock",0,0,0,0,0,1,0,0,3,0,3
"Joe, Connor",5,1,0,0,1,0,0,0,15,0,16
"Burnes, Corbin",2,0,0,0,2,0,0,0,7,0,8
"Floro, Dylan",1,0,0,0,0,0,0,0,2,0,2
"Stammen, Craig",1,0,0,0,0,0,0,0,1,0,1
"Paxton, James",5,0,0,0,0,0,0,0,5,0,8
"Cishek, Steve",0,0,0,0,0,0,0,0,2,0,2
"Kluber, Corey",1,0,0,0,0,0,0,0,1,0,1
"Morton, Charlie",2,0,0,0,0,0,0,0,2,0,2
"Helsley, Ryan",2,0,0,0,1,0,0,0,3,0,3
"Gant, John",2,0,0,0,0,0,0,0,3,0,3
"Gsellman, Robert",0,1,0,0,0,0,0,0,0,0,1
"Font, Wilmer",2,0,0,0,1,0,0,0,3,0,4
"Gagnon, Drew",0,0,0,0,1,0,0,0,3,0,4
"De Los Santos, Enyel",1,0,0,0,0,0,0,0,1,0,1
"Lopez, Reynaldo",3,0,0,0,0,0,0,0,4,0,4
"Williams, Devin",1,0,0,0,0,0,0,0,1,0,1
"Vazquez, Felipe",0,0,0,0,0,0,0,0,2,0,2
"Milone, Tom",1,0,0,0,0,0,0,0,2,0,2
"Alaniz, R.J.",0,0,0,0,1,0,0,0,1,0,1
"Cordero, Franchy",7,4,0,0,4,1,0,0,15,1,20
"Beeks, Jalen",2,0,0,0,0,0,0,0,3,0,3
"Thornton, Trent",0,0,0,0,2,0,0,0,3,0,3
"Suarez, Andrew",1,0,0,0,0,0,0,0,3,0,3
"Menez, Conner",0,0,0,0,0,0,0,0,3,0,3
"Gustave, Jandel",1,0,0,0,0,0,0,0,1,0,1
"Gott, Trevor",0,0,0,0,0,0,0,0,1,0,1
"Hughes, Jared",1,0,0,0,0,0,0,0,2,0,2
"Bour, Justin",52,17,0,1,13,5,0,8,151,1,170
"Simmons, Andrelton",37,23,1,2,79,19,0,7,398,0,424
"La Stella, Tommy",28,20,0,3,62,8,0,16,292,0,321
"Pence, Hunter",69,26,0,2,49,17,1,18,286,2,316
"Yelich, Christian",118,64,16,8,85,29,3,44,489,3,580
"Aguilar, Jesus",81,43,0,2,50,12,0,12,314,7,369
"Gamel, Ben",104,38,2,3,52,18,0,7,311,2,356
"Santana, Domingo",164,49,1,2,72,20,1,21,451,2,507
"Encarnacion, Edwin",103,57,1,7,50,18,0,34,418,3,486
"Romine, Austin",50,10,0,0,44,12,0,8,228,1,240
"Guerrero, Vladimir",91,46,0,2,83,26,2,15,464,2,514
"Tellez, Rowdy",116,26,3,7,44,19,0,21,370,3,409
"Bregman, Alex",83,117,2,9,84,37,2,41,554,8,690
"Stassi, Max",49,12,0,1,16,1,0,1,132,2,147
"Kemp, Tony",47,22,1,6,31,9,4,8,245,4,279
"Fisher, Derek",57,21,0,0,15,4,1,7,146,0,167
"Astudillo, Willians",8,5,0,5,38,9,0,4,190,4,204
"Cron, C.J.",107,26,3,10,67,24,0,25,458,2,499
"Puello, Cesar",38,9,1,11,22,5,0,4,125,0,147
"Iglesias, Jose",70,17,3,3,110,21,3,11,504,2,530
"Severino, Pedro",73,29,0,4,50,13,0,13,305,2,341
"Peterson, Jace",24,6,0,1,16,3,1,2,100,1,108
"Castillo, Welington",74,16,0,3,24,12,0,12,230,2,251
"Engel, Adam",78,14,0,6,37,10,2,6,227,0,248
"Cordell, Ryan",69,19,0,3,33,8,0,7,217,2,247
"Jay, Jon",30,8,0,3,36,8,0,0,165,1,182
"Goins, Ryan",44,16,1,1,27,6,1,2,144,0,163
"Devers, Rafael",119,41,7,4,111,54,4,32,647,2,702
"Bogaerts, Xander",122,74,2,2,105,52,0,33,614,6,698
"Hernandez, Marco",42,3,0,3,28,7,0,2,148,0,155
"Lindor, Francisco",98,37,9,3,96,40,2,32,598,6,654
"Chang, Yu",22,11,0,0,9,2,1,1,73,0,84
"Duffy, Matt",29,19,0,2,28,8,0,1,147,1,169
"Kiermaier, Kevin",104,24,2,5,61,20,7,14,447,1,480
"Wendle, Joey",47,14,0,8,37,13,2,3,238,3,263
"Murphy, Sean",16,6,0,1,4,5,0,4,53,0,60
"Kelly, Merrill",25,2,0,0,1,0,0,0,52,0,60
"Locastro, Tim",44,14,0,22,38,12,2,1,212,1,250
"Urias, Luis",56,25,0,9,35,8,1,4,215,0,249
"Avila, Pedro",0,0,0,0,0,0,0,0,1,0,2
"Garcia, Greg",83,52,1,5,56,13,4,4,311,2,372
"Strahm, Matt",12,2,0,0,4,2,0,0,21,0,27
"Mejia, Francisco",56,12,1,4,39,11,2,8,226,1,244
"Contreras, Willson",102,36,2,9,54,18,2,24,360,2,409
"Albies, Ozzie",112,48,6,4,114,43,8,24,640,4,702
"Tucker, Cole",40,9,1,1,16,10,3,2,147,0,159
"Polanco, Gregory",49,11,1,1,22,8,1,6,153,0,167
"Archer, Chris",19,3,0,0,4,0,0,0,35,0,41
"Stratton, Chris",2,0,0,0,0,0,0,0,4,0,4
"Bumgarner, Madison",40,9,0,0,6,0,0,2,63,0,76
"Lagares, Juan",75,18,4,2,37,12,1,5,258,1,285
"Ryu, Hyun-Jin",23,4,0,0,6,1,0,1,51,0,67
"Bundy, Dylan",2,0,0,0,0,0,0,0,2,0,2
"Adams, Matt",115,19,1,2,36,14,0,20,310,1,333
"Robles, Victor",140,32,3,25,86,33,3,17,546,5,617
"Suzuki, Kurt",36,19,1,6,46,11,0,17,280,3,309
"Harper, Bryce",178,88,11,6,77,36,1,35,573,4,682
"Arrieta, Jake",19,1,0,0,6,1,0,0,45,0,50
"Miller, Brad",45,15,0,1,20,6,1,13,154,0,170
"Knapp, Andrew",51,16,2,3,18,9,0,2,136,0,160
"Slater, Austin",59,21,1,2,23,9,3,5,168,0,192
"Rojas, Miguel",62,30,2,5,102,29,1,5,483,5,526
"Prado, Martin",41,12,0,0,46,9,0,2,245,3,260
"Sierra, Magneuris",7,2,0,0,12,1,1,0,40,0,42
"Alcantara, Sandy",46,1,0,1,4,1,0,0,58,0,63
"Carpenter, Matt",129,63,0,7,57,20,2,15,416,5,492
"Torrens, Luis",6,2,0,0,2,1,0,0,14,0,16
"Richards, Garrett",1,0,0,0,0,0,0,0,2,0,3
"Carle, Shane",1,0,0,0,0,0,0,0,1,0,1
"Taylor, Michael",34,7,0,0,14,7,0,1,88,0,97
"Judge, Aaron",141,60,4,3,57,18,1,27,378,1,447
"Rondon, Jose",38,11,0,2,22,3,0,3,143,0,157
"Valera, Breyvic",7,4,0,1,7,2,1,1,47,0,52
"Lewis, Kyle",29,3,0,0,8,5,0,6,71,1,75
"Garcia, Robel",35,7,0,0,6,2,2,5,72,1,80
"Castro, Willi",34,6,0,2,15,6,1,1,100,1,110
"Martin, Jason",10,4,0,0,7,2,0,0,36,0,40
"Rosario, Randy",0,0,0,0,0,0,0,0,1,0,1
"McCutchen, Andrew",55,43,0,0,33,12,1,10,219,0,262
"Lambert, Peter",10,3,0,0,9,0,0,0,28,0,34
"Mikolas, Miles",27,0,0,0,7,1,0,0,59,0,62
"Mills, Alec",6,0,0,0,1,0,0,0,12,0,12
"Ryan, Kyle",1,1,0,0,0,0,0,0,2,0,3
"Hudson, Dakota",24,0,0,1,4,0,0,0,51,0,59
"Solarte, Yangervis",16,3,1,0,9,5,0,1,73,0,78
"Chavez, Jesse",1,0,0,0,1,0,0,0,2,0,2
"Kratz, Erik",14,2,0,2,2,2,0,1,49,0,53
"Almonte, Yency",3,0,0,0,0,0,0,0,5,0,5
"Kelly, Joe",2,0,0,0,0,0,0,0,2,0,3
"Santana, Dennis",0,0,0,0,1,0,0,0,2,0,2
"Cashner, Andrew",0,0,0,0,0,0,0,0,3,0,3
"Hess, David",1,0,0,0,0,0,0,0,3,0,4
"Sadler, Casey",1,0,0,0,0,0,0,0,3,0,3
"Markel, Parker",1,0,0,0,0,0,0,0,3,0,3
"Parker, Jarrett",8,3,0,0,0,0,0,0,12,0,15
"Lamet, Dinelson",11,0,0,0,3,0,0,0,21,0,24
"Brigham, Jeff",1,0,0,0,0,0,0,0,1,0,1
"Quijada, Jose",1,0,0,0,0,0,0,0,1,0,1
"Pineda, Michael",1,0,0,0,0,0,0,0,4,0,4
"Martinez, Carlos",1,0,0,0,0,0,0,0,1,0,1
"Andujar, Miguel",11,1,0,0,6,0,0,0,47,1,49
"Anderson, Drew",1,0,0,0,0,0,0,0,1,0,1
"Plutko, Adam",1,0,0,0,0,0,0,0,2,0,2
"Hammer, JD",0,0,0,0,0,0,0,0,1,0,1
"Detwiler, Ross",1,0,0,0,0,0,0,0,2,0,2
"Neris, Hector",1,0,0,0,0,0,0,0,1,0,1
"Montas, Frankie",0,1,0,0,0,0,0,0,1,0,2
"Petit, Yusmeiro",0,0,0,0,0,0,0,0,1,0,1
"Zimmermann, Jordan",2,0,0,0,0,0,0,0,2,0,2
"Kikuchi, Yusei",1,0,0,0,0,0,0,0,1,0,2
"Diaz, Miguel",1,0,0,0,0,0,0,0,1,0,1
"Eshelman, Tom",0,0,0,0,0,0,0,0,2,0,2
"Garcia, Jarlin",1,0,0,0,0,0,0,0,1,0,1
"Sparkman, Glenn",0,0,0,0,0,0,0,0,2,0,2
"Jeffress, Jeremy",1,0,0,0,0,0,0,0,1,0,1
"Gallo, Joey",114,48,4,2,23,15,1,22,241,1,297
"Lucroy, Jonathan",51,26,1,5,49,10,1,8,293,3,328
"Fletcher, David",64,53,2,0,133,30,4,6,596,1,653
"Perez, Hernan",66,11,0,0,34,11,0,8,232,1,246
"Vogelbach, Daniel",149,90,2,2,49,17,0,30,462,2,558
"Murphy, Tom",87,19,0,1,40,12,1,18,260,1,281
"Tauchman, Mike",71,34,0,1,40,18,1,13,260,1,296
"Wade, Tyler",28,11,0,1,17,3,1,2,94,0,108
"Soler, Jorge",178,70,3,10,74,33,1,48,589,4,679
"Adrianza, Ehire",40,19,1,6,39,8,3,5,202,4,236
"Garneau, Dustin",22,10,0,4,13,5,0,3,86,0,101
"Grossman, Robbie",86,57,2,1,71,21,3,6,420,2,482
"Pinder, Chad",88,20,0,5,48,21,0,13,341,3,370
"Seager, Corey",98,41,3,4,69,44,1,19,489,4,541
"Taylor, Chris",115,34,3,4,51,29,4,12,366,5,414
"Senzel, Nick",101,30,0,3,60,20,4,12,375,1,414
"Suarez, Eugenio",189,66,4,11,83,22,2,49,575,6,662
"Ervin, Phillip",63,18,0,4,39,11,7,7,236,2,260
"Winker, Jesse",60,36,2,8,56,17,2,16,338,0,384
"Taylor, Beau",7,4,0,1,2,0,0,2,25,0,30
"Crawford, J.P.",83,43,0,2,46,21,4,7,345,3,396
"Marisnick, Jake",95,17,0,6,39,16,3,10,292,0,318
"Alberto, Hanser",50,15,1,4,125,21,2,12,524,3,550
"Sisco, Chance",61,22,0,9,20,7,0,8,167,0,198
"Jones, JaCoby",94,25,2,6,37,19,3,11,298,1,333
"Anderson, Tim",109,15,0,3,117,32,0,18,498,2,518
"Sanchez, Yolmer",117,43,1,5,99,20,4,2,496,3,555
"Luplow, Jordan",61,33,0,2,31,15,1,15,225,1,261
"McKay, Brendan",2,1,0,0,1,0,0,1,10,0,11
"Wong, Kean",6,0,0,0,3,0,0,0,18,0,18
"Dyson, Jarrod",86,47,0,2,72,11,2,7,400,2,452
"Weaver, Luke",11,0,0,0,1,0,0,1,19,1,21
"Velazquez, Hector",1,0,0,0,0,0,0,0,1,0,1
"Minor, Mike",6,0,0,0,0,0,0,0,9,0,10
"Greinke, Zack",12,2,0,0,6,4,1,3,50,0,56
"Tatis, Fernando",110,29,1,5,65,13,6,22,334,3,372
"Davis, Taylor",4,2,0,0,2,0,0,1,18,0,20
"Sabathia, CC",2,0,0,0,0,0,0,0,3,0,3
"Soroka, Mike",22,2,0,2,4,0,0,0,52,0,63
"Posey, Buster",71,33,1,4,73,24,0,7,405,1,445
"Longoria, Evan",112,42,1,7,74,19,2,20,453,5,508
"Alonso, Pete",183,66,6,21,70,30,2,53,597,3,693
"Wheeler, Zack",19,2,0,2,9,2,0,1,57,0,64
"Davis, J.D.",97,36,2,3,81,22,1,22,410,2,453
"Gomez, Carlos",30,7,0,3,11,3,0,3,86,1,99
"Cron, Kevin",28,4,0,2,5,4,0,6,71,1,78
"Maeda, Kenta",13,0,0,0,10,2,0,0,48,0,61
"Blackmon, Charlie",104,39,1,9,101,42,7,32,580,5,634
"Rodgers, Brendan",27,4,0,1,15,2,0,0,76,0,81
"Beede, Tyler",23,3,0,0,4,0,0,0,38,0,43
"Beaty, Matt",33,15,2,2,37,19,1,9,249,0,268
"Soto, Juan",132,105,3,3,82,32,5,34,542,6,659
"Gomes, Yan",84,32,6,5,42,16,0,12,314,1,358
"Dickerson, Corey",56,12,4,0,37,28,2,12,260,3,279
"Gyorko, Jedd",24,9,0,0,13,1,0,2,92,0,101
"Almonte, Abraham",8,7,0,0,4,3,1,1,31,0,38
"Bauer, Trevor",12,2,0,0,3,0,0,0,19,0,22
"Blandino, Alex",14,10,0,2,7,1,0,1,36,2,50
"Berti, Jon",73,24,0,6,49,14,1,6,256,1,287
"Brinson, Lewis",74,12,1,6,29,9,1,0,226,1,248
"Goldschmidt, Paul",166,76,2,2,95,25,1,34,597,3,682
"Caratini, Victor",59,29,0,3,43,11,0,11,244,3,279
"Riddle, J.T.",42,4,1,2,13,6,0,6,132,0,139
"Cano, Robinson",69,22,3,5,59,28,0,13,390,3,423
"Toussaint, Touki",7,0,0,0,0,0,0,0,9,0,10
"Foltynewicz, Mike",19,0,0,0,2,0,0,0,35,0,38
"Margevicius, Nick",7,0,0,0,3,0,0,0,15,0,17
"Webb, Jacob",1,0,0,0,0,0,0,0,1,0,1
"Eflin, Zach",27,0,0,0,7,1,0,0,50,0,52
"Richards, Trevor",18,2,0,0,3,0,0,0,30,0,34
"Zimmerman, Ryan",39,17,0,0,29,9,0,6,171,2,190
"Waguespack, Jacob",2,1,0,0,0,0,0,0,2,0,3
"Dubon, Mauricio",20,5,0,0,20,5,0,4,106,0,111
"Shaw, Chris",8,2,0,0,1,0,0,0,18,0,20
"Sucre, Jesus",13,4,0,1,11,2,0,0,62,0,67
"Cruz, Nelson",131,48,8,7,74,26,0,41,454,3,521
"Gregorius, Didi",53,16,1,1,45,14,2,16,324,2,344
"Trumbo, Mark",5,2,0,0,2,3,0,0,29,0,31
"Lux, Gavin",24,7,0,0,11,4,1,2,75,0,82
"Lopes, Tim",29,15,0,1,22,7,0,1,111,1,128
"Peterson, Dustin",14,2,0,1,6,4,0,0,44,0,47
"Martin, Leonys",78,21,0,4,31,7,0,9,236,0,264
"McBroom, Ryan",25,7,0,1,17,5,0,0,75,0,83
"Alzolay, Adbert",2,0,0,0,0,0,0,0,5,0,5
"Williams, Trevor",17,2,0,0,6,0,0,0,36,0,44
"Lucchesi, Joey",36,1,0,0,3,0,0,0,48,0,54
"Anderson, Brett",2,0,0,0,4,0,0,0,8,0,8
"Holland, Derek",10,1,0,0,1,0,0,0,14,0,16
"Fraley, Jake",14,0,0,1,4,2,0,0,40,0,41
"Court, Ryan",11,1,0,0,3,1,0,1,24,0,25
"Hoerner, Nico",11,2,1,0,17,1,1,3,78,1,82
"Stephenson, Robert",1,0,0,0,0,0,0,0,1,0,1
"Miley, Wade",1,1,0,0,0,0,0,0,4,0,6
"Lavarnway, Ryan",5,1,0,0,1,2,0,2,18,0,19
"Kuhnel, Joel",0,0,0,0,0,0,0,0,1,0,1
"Mella, Keury",1,0,0,0,0,0,0,0,1,0,1
"Ramirez, Hanley",17,8,0,0,6,1,0,2,49,0,57
"Jansen, Kenley",1,0,0,0,0,0,0,0,1,0,1
"Eickhoff, Jerad",7,1,0,0,0,0,0,0,14,0,19
"Luciano, Elvis",1,0,0,0,0,0,0,0,1,0,1
"Taylor, Tyrone",1,1,0,1,2,2,0,0,10,0,12
"Mahtook, Mikie",11,2,0,0,0,0,0,0,23,0,25
"Barria, Jaime",1,0,0,0,0,0,0,0,2,0,2
"Garcia, Yimi",1,0,0,0,0,0,0,0,2,0,2
"German, Domingo",7,0,0,0,0,0,0,0,8,0,8
"Wilkerson, Aaron",1,0,0,0,0,0,0,1,3,0,3
"Perez, Martin",2,0,0,0,0,0,0,0,3,0,3
"Suzuki, Ichiro",1,1,0,0,0,0,0,0,5,0,6
"Bolt, Skye",3,1,0,0,0,1,0,0,10,0,11
"Cabrera, Genesis",4,0,0,0,0,0,0,0,4,0,4
"Conley, Adam",0,0,0,0,0,0,0,0,1,0,1
"Sampson, Adrian",1,0,0,0,0,0,0,0,2,0,2
"Drake, Oliver",0,0,0,0,1,0,0,0,1,0,1
"Glasnow, Tyler",1,0,0,0,0,0,0,0,2,0,2
"Chirinos, Yonny",2,0,0,0,0,0,0,0,2,0,2
"Cessa, Luis",1,0,0,0,0,0,0,0,1,0,1
"Clevinger, Mike",1,0,0,0,0,0,0,0,2,0,2
"Cozart, Zack",16,5,0,2,10,2,0,0,97,3,107
"Mathis, Jeff",87,14,1,0,25,9,0,2,228,1,244
"Braun, Ryan",105,33,1,8,76,31,2,22,459,3,508
"Grandal, Yasmani",139,107,2,5,70,26,2,28,513,5,632
"Gordon, Dee",61,17,1,1,87,12,6,3,393,6,421
"Moore, Dylan",93,25,0,9,26,14,2,9,247,0,282
"Frazier, Clint",70,15,1,2,34,14,0,12,225,3,246
"Higashioka, Kyle",26,0,0,0,4,5,0,3,56,1,57
"Sanchez, Gary",125,37,3,9,45,12,1,34,396,1,446
"Smoak, Justin",106,76,3,6,48,16,0,22,414,1,500
"McKinney, Billy",73,19,0,2,27,14,1,12,251,2,276
"Lopez, Nicky",51,18,0,1,65,22,2,2,379,0,402
"Maldonado, Martin",86,31,1,6,40,19,0,12,333,1,374
"Arraez, Luis",29,35,1,1,84,20,1,4,326,3,366
"Gonzalez, Marwin",98,29,2,6,78,19,0,15,425,1,463
"Semien, Marcus",102,85,2,2,104,43,7,33,657,1,747
"Piscotty, Stephen",84,29,0,3,58,17,1,13,357,3,393
"Hundley, Nick",18,2,0,1,8,3,1,2,70,0,73
"Canha, Mark",107,66,1,18,67,16,3,26,410,2,497
"Muncy, Max",149,89,1,8,64,22,1,35,487,4,589
"Martin, Russell",60,27,3,8,35,5,0,6,209,2,249
"Farmer, Kyle",59,9,1,3,27,6,0,9,183,1,197
"Dietrich, Derek",74,26,2,25,18,8,2,19,251,1,306
"Wilkerson, Steve",108,22,0,7,44,18,2,10,329,2,361
"Davis, Chris",139,38,1,3,34,9,0,12,307,3,352
"Candelario, Jeimer",99,42,1,7,41,17,2,8,335,1,386
"Rogers, Jake",51,13,0,1,7,3,0,4,112,0,128
"Osuna, Jose",48,18,0,1,39,20,0,10,261,4,285
"Trevino, Jose",27,3,0,0,20,9,0,2,120,2,126
"Holt, Brock",57,27,1,4,58,14,2,3,259,4,295
"Freeman, Mike",61,22,0,4,37,8,0,4,177,4,213
"Pham, Tommy",123,77,4,5,99,33,2,21,567,1,654
"Neuse, Sheldon",19,4,0,0,11,3,0,0,56,1,61
"Toro, Abraham",19,9,0,1,10,3,2,2,78,1,89
"Escobar, Eduardo",130,47,3,3,97,29,10,35,636,10,699
"Walker, Christian",155,61,6,6,81,26,1,29,529,1,603
"Swihart, Blake",36,6,0,1,10,1,0,4,92,0,99
"Kelly, Carson",79,38,10,2,40,19,0,18,314,1,365
"Almora, Albert",62,12,4,1,56,11,1,12,339,2,363
"Quintana, Jose",27,0,0,0,4,1,0,0,54,0,63
"Duplantier, Jon",5,0,0,0,1,0,0,0,8,0,8
"Markakis, Nick",59,46,1,2,82,25,2,9,414,6,469
"Camargo, Johan",43,13,2,0,34,12,1,7,232,0,248
"Vogt, Stephen",66,19,1,1,31,24,2,10,255,4,280
"Ramos, Wilson",69,39,5,4,103,19,0,14,473,3,524
"Frazier, Todd",106,39,1,12,70,19,2,21,447,0,499
"Urias, Julio",4,1,0,0,3,0,0,0,12,0,18
"Arenado, Nolan",93,51,11,4,111,31,2,41,588,8,662
"Murphy, Daniel",74,31,1,2,73,35,1,13,438,4,478
"Iannetta, Chris",54,15,3,1,16,10,0,6,144,1,164
"Hoffman, Jeff",9,0,0,0,5,0,0,0,21,0,24
"Dickerson, Alex",42,12,1,2,26,13,3,6,174,1,190
"Leyba, Domingo",9,4,0,0,4,2,1,0,25,1,30
"Kershaw, Clayton",16,1,0,0,4,1,0,0,49,0,65
"Marquez, German",14,0,0,0,6,4,1,0,48,0,58
"Chacin, Jhoulys",10,1,0,0,2,0,0,1,24,0,25
"Pina, Manny",50,15,1,4,21,8,0,7,158,1,179
"Brooks, Aaron",1,0,0,0,0,0,0,0,3,0,4
"Eaton, Adam",106,65,0,13,111,25,7,15,566,3,656
"Ross, Joe",10,1,0,0,2,0,0,0,19,0,20
"Hernandez, Cesar",100,41,4,6,123,31,3,14,612,4,667
"Haseley, Adam",60,13,1,5,40,14,0,5,222,0,242
"Velasquez, Vincent",9,2,0,0,6,0,0,1,30,0,36
"Rickard, Joey",50,17,1,3,24,9,2,3,168,0,189
"Rodriguez, Dereck",17,0,0,0,5,0,0,0,29,0,29
"Melville, Tim",3,0,0,0,2,0,0,0,8,0,10
"Naylor, Josh",64,24,1,0,40,15,0,8,253,1,279
"France, Ty",49,9,0,7,27,8,1,7,184,1,201
"VanMeter, Josh",56,29,0,2,32,13,1,8,228,1,260
"Aquino, Aristides",60,14,2,2,26,8,0,19,205,2,225
"Holaday, Bryan",21,9,2,1,22,6,0,4,115,1,129
"Diaz, Isan",59,19,0,2,19,5,2,5,179,1,201
"Martinez, Jose",82,35,0,2,65,13,2,10,334,2,373
"Lester, Jon",20,5,0,0,6,2,0,1,48,0,53
"O'Brien, Peter",19,4,0,1,5,1,0,1,42,0,47
"Nimmo, Brandon",71,44,2,5,24,11,1,8,199,3,254
"Anderson, Tyler",4,0,0,0,1,0,0,0,7,0,8
"McGowin, Kyle",0,0,0,0,1,0,0,0,3,0,3
"Cooper, Garrett",110,33,0,5,75,16,1,15,381,2,421
"Rivera, Yadiel",20,6,0,0,9,2,0,0,60,0,66
"Wood, Alex",5,0,0,0,2,0,0,0,9,0,12
"Iglesias, Raisel",1,0,0,0,0,0,0,0,2,0,2
"Ortega, Rafael",22,8,0,0,13,3,0,2,88,0,96
"Nova, Ivan",4,0,0,0,0,0,0,0,5,0,5
"Bichette, Bo",50,14,0,1,32,18,0,11,196,1,212
"McGuire, Reese",18,7,0,0,17,7,0,5,97,0,105
"Gosselin, Phil",16,3,0,0,14,3,0,0,65,0,68
"Perez, Michael",19,8,0,1,5,5,0,0,46,0,55
"Hicks, Aaron",72,31,0,0,30,10,0,12,221,3,255
"Williams, Mason",6,3,0,0,7,1,0,0,30,1,34
"Federowicz, Tim",31,5,0,0,6,2,0,4,75,0,83
"Palka, Daniel",35,8,0,1,7,0,0,2,84,0,93
"Herrmann, Chris",29,9,0,0,13,3,0,1,84,0,94
"Lyles, Jordan",28,1,0,1,4,0,0,0,45,0,48
"Hamels, Cole",15,1,0,1,5,1,0,0,42,1,46
"Galloway, Isaac",17,0,0,0,8,1,0,0,54,0,54
"Urena, Jose",14,1,0,0,0,0,0,0,19,0,22
"Herrera, Odubel",33,11,0,1,16,10,1,1,126,1,139
"Mahle, Tyler",19,1,0,0,2,1,0,0,34,0,41
"Happ, Ian",39,15,0,0,18,7,1,11,140,1,156
"Houser, Adrian",17,2,0,0,0,1,0,0,22,0,27
"Underwood, Duane",1,0,0,0,0,0,0,0,1,0,1
"Kramer, Kevin",17,6,0,0,6,1,0,0,42,2,50
"Baron, Steve",6,0,0,0,1,1,0,0,10,0,10
"Taillon, Jameson",3,0,0,0,2,0,0,0,8,0,11
"Holmes, Clay",4,0,0,0,0,0,0,0,5,0,5
"Guerra, Javy",2,0,0,0,0,0,0,0,3,0,5
"Smyly, Drew",9,1,0,0,0,0,0,0,19,0,20
"Jurado, Ariel",1,0,0,0,0,0,0,0,1,0,1
"Miller, Shelby",1,2,0,0,0,0,0,0,1,0,3
"DuRapau, Montana",2,0,0,0,1,0,0,0,4,0,4
"Bowman, Matt",0,0,0,0,0,0,0,0,1,0,1
"Velazquez, Andrew",13,1,0,0,0,2,0,0,23,0,24
"Flaherty, Ryan",7,0,0,0,1,2,0,0,21,0,22
"Miller, Ian",3,0,0,0,2,1,0,0,17,0,17
"Noll, Jake",4,1,0,0,1,1,0,0,12,0,13
"Wisler, Matt",0,0,0,0,0,0,0,0,1,0,1
"Hilliard, Sam",23,9,0,1,8,4,2,7,77,0,87
"Garcia, Rico",1,0,0,0,0,0,0,0,1,0,1
"Rodriguez, Eduardo",3,0,0,0,0,0,0,0,7,0,9
"Rivera, Rene",4,3,0,0,3,0,0,1,17,0,20
"Allen, Logan",0,0,0,1,1,0,0,0,4,0,5
"Jackson, Jay",2,0,0,0,0,0,0,0,2,0,2
"Hader, Josh",1,0,0,0,0,0,0,0,2,0,2
"Gonzales, Marco",4,0,0,0,0,1,0,0,5,0,6
"Sewald, Paul",0,0,0,0,0,0,0,0,1,0,1
"Maton, Phil",2,0,0,0,1,0,0,0,4,0,4
"Johnson, Brian",1,0,0,0,0,0,0,0,1,0,1
"Norwood, James",0,0,0,0,0,0,0,0,1,0,1
"Junis, Jake",0,0,0,0,0,0,0,0,2,0,2
